epoch,steps,cosine_pearson,cosine_spearman,euclidean_pearson,euclidean_spearman,manhattan_pearson,manhattan_spearman,dot_pearson,dot_spearman
0,-1,0.8501545347069638,0.8542714774422201,0.8456480537264075,0.8501251215119416,0.8453919264632428,0.8497998017584041,0.7939373043695043,0.7993288925518962
1,-1,0.8730331680913839,0.8756076977939495,0.8644648089957048,0.8695536224469717,0.8634568533063811,0.8684044480496265,0.8358901880851546,0.8381478961751264
2,-1,0.8730448861015,0.8767393213496898,0.8678116669642694,0.8721488875808807,0.8667516903256054,0.87088092229416,0.8391552056239096,0.8403686262107032
3,-1,0.8743979051350923,0.8777304376911517,0.8689290730335306,0.8737783299850667,0.8677336913470601,0.8723014054795936,0.8430732635994125,0.8439649357715455
